{
  "correction_turns_after": 0,
  "correction_turns_before": 3,
  "run_id": "run-5a4bae5c0beb",
  "runtime_sec": 0.07689166069030762,
  "timestamp_utc": "2026-02-01T04:00:18.927066+00:00",
  "turn_reduction_pct": 100.0
}